
DROP TABLE all_data;


CREATE TABLE IF NOT EXISTS school (
    school_id SERIAL,
    name TEXT NOT NULL,
    
    CONSTRAINT pk_school PRIMARY KEY (school_id)
);

INSERT INTO school (name) VALUES 
    ('Any School'),
    ('Business'),
    ('Education'),
    ('Health Sciences'),
    ('Law'),
    ('Liberal Arts'),
    ('Music'),
    ('Natural and Environmental Sciences'),
    ('Nursing'),
    ('Pharmacy')
;

CREATE TABLE IF NOT EXISTS education_level (
    education_level_id SERIAL,
    name TEXT NOT NULL,
    
    CONSTRAINT pk_education_level PRIMARY KEY (education_level_id)
);

INSERT INTO education_level (name) VALUES 
    ('Graduate'),
    ('Other'),
    ('Undergraduate')
    ON CONFLICT (education_level_id)
    DO NOTHING;
;

CREATE TABLE IF NOT EXISTS program (
    program_id SERIAL,
    name TEXT NOT NULL,
    
    CONSTRAINT pk_program PRIMARY KEY (program_id)
);

INSERT INTO program (name) VALUES 
    ('Accountancy'),
    ('Accounting'),
    ('Analytics and Information Management'),
    ('Any Program'),
    ('Applied Behavior Analysis'),
    ('Athletic Training'),
    ('Biochemistry'),
    ('Biological Sciences'),
    ('Biomedical Engineering'),
    ('Biotechnology'),
    ('Business Administration'),
    ('Chemistry'),
    ('Chemistry and Biochemistry'),
    ('Child Psychology'),
    ('Classical Civilizations'),
    ('Clinical Mental Health Counseling'),
    ('Clinical Psychology'),
    ('Communication'),
    ('Communication Studies'),
    ('Computational Mathematics'),
    ('Computer Science'),
    ('Corporate Communication'),
    ('Counselor Education and Supervision'),
    ('Cybersecurity Studies'),
    ('Digital Media Arts'),
    ('Doctor of Pharmacy'),
    ('Early Childhood Education'),
    ('Economics'),
    ('Education Administration K-12'),
    ('Educational Leadership'),
    ('Educational Technology'),
    ('Elective Studies in Business'),
    ('English'),
    ('English as a Second Language'),
    ('English as a Second Language TESOL'),
    ('Entrepreneurship'),
    ('Environmental Chemistry'),
    ('Environmental Management'),
    ('Environmental Science'),
    ('Environmental Science and Management'),
    ('Exchange'),
    ('Finance'),
    ('Health Administration'),
    ('Health Science'),
    ('Healthcare Ethics'),
    ('History'),
    ('Information Systems Management'),
    ('Integrated Marketing Communications'),
    ('International Business'),
    ('International Relations'),
    ('International Security Studies'),
    ('Juris Doctor'),
    ('Laws and Letters'),
    ('Liberal Arts'),
    ('Management'),
    ('Marketing'),
    ('Marriage, Couple, and Family Counseling'),
    ('Mathematics'),
    ('Media Arts and Technology'),
    ('Medicinal Chemistry'),
    ('Middle Level Education'),
    ('Modern Languages and Literatures'),
    ('Multiplatform Journalism'),
    ('Music'),
    ('Music Education'),
    ('Music Performance'),
    ('Music Technology'),
    ('Music Therapy'),
    ('Nursing'),
    ('Nursing Second Degree'),
    ('Nursing Second Degree, 16 Months'),
    ('Pastoral Ministry'),
    ('Pharmaceutics'),
    ('Pharmacology'),
    ('Pharmacy Administration'),
    ('Philosophy'),
    ('Physical Therapy'),
    ('Physician Assistant'),
    ('Physics'),
    ('Political Science'),
    ('Pre-Professional Pharmacy'),
    ('Psychology'),
    ('Public Health'),
    ('Public History'),
    ('Reading and Literacy Education'),
    ('Rehabilitation Science'),
    ('Religious Education'),
    ('Rhetoric'),
    ('Rhetoric and Philosophy of Communication'),
    ('Sacred Music'),
    ('School Counseling'),
    ('School Pyschology'),
    ('School Supervision'),
    ('Secondary Education'),
    ('Sociology'),
    ('Spanish'),
    ('Special Education'),
    ('Speech Language Pathology'),
    ('International Relations'),
    ('Sports Information and Media'),
    ('Strategic Public Relations and Advertising'),
    ('Supply Chain Management'),
    ('Sustainable Business Practices'),
    ('Theater Arts'),
    ('Theology')
    ON CONFLICT (program_id)
    DO NOTHING;
;

CREATE TABLE IF NOT EXISTS degree_earned (
    degree_earned_id SERIAL,
    name TEXT NOT NULL,
    
    CONSTRAINT pk_degree_earned PRIMARY KEY (degree_earned_id)
);

INSERT INTO degree_earned (name) VALUES 
    ('Artist Diploma'),
    ('BA'),
    ('BA or BS'),
    ('BM'),
    ('BS'),
    ('BSAT'),
    ('BSBA'),
    ('BSEd'),
    ('BSN'),
    ('Certificate'),
    ('DPT'),
    ('EdD'),
    ('English as a Second Language'),
    ('Gateway'),
    ('JD'),
    ('LLM'),
    ('MA'),
    ('MAT'),
    ('MBA'),
    ('MFA'),
    ('MM'),
    ('MPAS'),
    ('MS'),
    ('MS, One-Year Path'),
    ('MS, Two-Year Path'),
    ('MSEd'),
    ('MSLP'),
    ('Non-Degree'),
    ('One Semester'),
    ('PharmD'),
    ('PhD'),
    ('PsyD'),
    ('Two Semesters')
    ON CONFLICT (degree_earned_id)
    DO NOTHING;
;

CREATE TABLE IF NOT EXISTS expense (
    expense_id SERIAL,
    name TEXT NOT NULL,
    amount INTEGER NOT NULL,
    
    CONSTRAINT pk_expense PRIMARY KEY (expense_id)
);

INSERT INTO expense (name, amount) VALUES
    ('Room and Board (one semester)', 6806),
    ('Room and Board (two semesters)', 13612),
    ('Room and Board (calendar year)', 17080),
    ('Health Insurance (one semester)', 918),
    ('Health Insurance (two semesters)', 1835),
    ('Personal Expenses (one semester)', 1000),
    ('Personal Expenses (two semesters)', 2000),
    ('Personal Expenses (calendar year)', 3000),
    ('New Student Fee (undergraduate, one-time)', 261),
    ('New Student Fee (graduate, one-time)', 125),
    ('Tuition (Any School, Exchange)', 0),
    ('Tuition (Liberal Arts, MA, Religious Education)', 10368),
    ('Tuition (Any School, English as a Second Language)', 12270),
    ('Tuition (Business, graduate, discounted, two semesters)', 14865),
    ('Tuition (Liberal Arts, MS, Computer Science)', 14865),
    ('Tuition (Liberal Arts, MS, Pastoral Ministry)', 16032),
    ('Tuition (Liberal Arts, Pathway, discounted)', 19068),
    ('Tuition (Liberal Arts, Pathway, base rate)', 23376),
    ('Tuition (graduate, base rate)', 24048),
    ('Tuition (Health Sciences, graduate, 16 credits)', 24144),
    ('Tuition (Natural and Environmental Sciences, graduate, 16 credits)', 24144),
    ('Tuition (Business, Pathway, discounted)', 24172),
    ('Tuition (Any School, Non-Degree)', 24264),
    ('Tuition (Natural and Environmental Sciences, Pathway, discounted)', 25018), 
    ('Tuition (Music, graduate)', 26340),
    ('Tuition (Natural and Environmental Sciences, graduate, 18 credits)', 27162),
    ('Tuition (Law, LLM)', 27894),
    ('Tuition (Health Sciences, PhD)', 27972),
    ('Tuition (Business, Pathway, base rate)', 28012),
    ('Tuition (Any School, Gateway)', 28443),
    ('Tuition (Business, graduate, discounted, calendar year)', 29730),
    ('Tuition (Music, Pathway)', 30012),
    ('Tuition (Natural and Environmental Sciences, Pathway, base rate)', 30388),
    ('Tuition (Education, Pathway)', 31268),
    ('Tuition (Pharmacy, graduate)', 31968),
    ('Tuition (Education, PhD, Counselor Education and Supervision)', 32064),
    ('Tuition (Education, PsyD)', 40080),
    ('Tuition (Nursing Second Degree, 16 Months)', 40572),
    ('Tuition (undergraduate, base rate)', 41892),
    ('Tuition (Education, PhD, School Psychology)', 42752),
    ('Tuition (Pharmacy, Pre-Professional Pharmacy)', 45018),
    ('Tuition (Music, undergraduate)', 47662),
    ('Tuition (Health Sciences, MPAS)', 48174),
    ('Tuition (Health Sciences, BSAT)', 48280),
    ('Tuition (Health Sciences, BS, Health Administration)', 48280),
    ('Tuition (Law, Juris Doctor)', 48314),
    ('Tuition (Business, MBA, Sustainable Business Practices)', 53688),
    ('Tuition (Nursing Second Degree)', 54093),
    ('Tuition (Pharmacy, Doctor of Pharmacy)', 59688),
    ('Tuition (Health Sciences, DPT)', 60606),
    ('Tuition (Health Sciences, MSLP)', 63714)
;

CREATE TABLE IF NOT EXISTS possible_selections (
    possible_selections_id SERIAL;
    school TEXT,
    education_level TEXT,
    program TEXT,
    degree_conferred TEXT,
    
    CONSTRAINT pk_possible_selections PRIMARY KEY (possible_selections_id),
    CONSTRAINT fk_school FOREIGN KEY (school) REFERENCES school (name),
    CONSTRAINT fk_education_level FOREIGN KEY (education_level) REFERENCES education_level (name),
    CONSTRAINT fk_program FOREIGN KEY (program) REFERENCES program (name),
    CONSTRAINT fk_degree_conferred FOREIGN KEY (degree_conferred) REFERENCES degree_conferred (name),
);
INSERT INTO possible_selections VALUES
    ('Any_School','Undergraduate','Any_Program','Gateway'),
    ('Any_School','Other','Any_Program','Non_Degree'),
    ('Any_School','Other','English_as_a_Second_Language','English_as_a_Second_Language'),
    ('Any_School','Other','Exchange','One_Semester'),
    ('Any_School','Other','Exchange','Two_Semesters'),
    ('Business','Graduate','Accountancy','MS'),
    ('Business','Undergraduate','Accounting','BSBA'),
    ('Business','Graduate','Analytics_and_Information_Management','Certificate'),
    ('Business','Graduate','Analytics_and_Information_Management','MS_One_Year_Path'),
    ('Business','Graduate','Analytics_and_Information_Management','MS_Two_Year_Path'),
    ('Business','Graduate','Analytics_and_Information_Management','Pathway'),
    ('Business','Graduate','Business_Administration','MBA'),
    ('Business','Graduate','Business_Administration','Pathway'),
    ('Business','Undergraduate','Economics_BSBA','BSBA'),
    ('Business','Undergraduate','Entrepreneurship','BSBA'),
    ('Business','Undergraduate','Finance','BSBA'),
    ('Business','Undergraduate','Information_Systems_Management','BSBA'),
    ('Business','Undergraduate','International_Business','BSBA'),
    ('Business','Undergraduate','Management','BSBA'),
    ('Business','Undergraduate','Marketing','BSBA'),
    ('Business','Undergraduate','Supply_Chain_Management','BSBA'),
    ('Business','Graduate','Supply_Chain_Management','Certificate'),
    ('Business','Graduate','Supply_Chain_Management','MS'),
    ('Business','Graduate','Supply_Chain_Management','Pathway'),
    ('Business','Graduate','Sustainable_Business_Practices','MBA'),
    ('Education','Graduate','Applied_Behavior_Analysis','MSEd'),
    ('Education','Graduate','Child_Psychology','MSEd'),
    ('Education','Graduate','Clinical_Mental_Health_Counseling','MS'),
    ('Education','Graduate','Counselor_Education_and_Supervision','PhD'),
    ('Education','Undergraduate','Early_Childhood_Education','BSEd'),
    ('Education','Graduate','Early_Childhood_Education','MAT'),
    ('Education','Graduate','Education_Administration_K12','MSEd'),
    ('Education','Graduate','Educational_Leadership','EdD'),
    ('Education','Graduate','Educational_Technology','EdD'),
    ('Education','Graduate','English_as_a_Second_Language_TESOL','MSEd'),
    ('Education','Graduate','English_as_a_Second_Language_TESOL','Pathway'),
    ('Education','Graduate','Marriage_Couple_and_Family_Counseling','MS'),
    ('Education','Undergraduate','Middle_Level_Education','BSEd'),
    ('Education','Graduate','Reading_and_Literacy_Education','MSEd'),
    ('Education','Graduate','School_Counseling','MSEd'),
    ('Education','Graduate','School_Psychology','PhD'),
    ('Education','Graduate','School_Psychology','PsyD'),
    ('Education','Graduate','School_Supervision','MSEd'),
    ('Education','Undergraduate','Secondary_Education','BSEd'),
    ('Education','Graduate','Secondary_Education','MAT'),
    ('Education','Graduate','Special_Education','MSEd'),
    ('Education','Graduate','Special_Education','PhD'),
    ('Health_Sciences','Undergraduate','Athletic_Training','BSAT'),
    ('Health_Sciences','Undergraduate','Biomedical_Engineering','BS'),
    ('Health_Sciences','Graduate','Biomedical_Engineering','MS'),
    ('Health_Sciences','Undergraduate','Health_Administration','BS'),
    ('Health_Sciences','Undergraduate','Health_Science_Major','BS'),
    ('Health_Sciences','Graduate','Physical_Therapy','DPT'),
    ('Health_Sciences','Graduate','Physician_Assistant','MPAS'),
    ('Health_Sciences','Undergraduate','Public_Health','BA_or_BS'),
    ('Health_Sciences','Graduate','Rehabilitation_Science','PhD'),
    ('Health_Sciences','Graduate','Speech_Language_Pathology','MSLP'),
    ('Law','Graduate','Juris_Doctor','JD'),
    ('Law','Graduate','Laws_and_Letters','LLM'),
    ('Liberal_Arts','Undergraduate','Classical_Civilizations','BA'),
    ('Liberal_Arts','Graduate','Clinical_Psychology','PhD'),
    ('Liberal_Arts','Graduate','Communication','MA'),
    ('Liberal_Arts','Undergraduate','Communication_Studies','BA'),
    ('Liberal_Arts','Graduate','Computational_Mathematics','MS'),
    ('Liberal_Arts','Graduate','Computational_Mathematics','Pathway'),
    ('Liberal_Arts','Undergraduate','Computer_Science','BA_or_BS'),
    ('Liberal_Arts','Graduate','Computer_Science','MS'),
    ('Liberal_Arts','Graduate','Computer_Science','Pathway'),
    ('Liberal_Arts','Undergraduate','Corporate_Communication','BA'),
    ('Liberal_Arts','Graduate','Corporate_Communication','MA'),
    ('Liberal_Arts','Graduate','Corporate_Communication','Pathway'),
    ('Liberal_Arts','Undergraduate','Cybersecurity_Studies','BA'),
    ('Liberal_Arts','Undergraduate','Digital_Media_Arts','BA'),
    ('Liberal_Arts','Undergraduate','Economics_BA','BA'),
    ('Liberal_Arts','Undergraduate','English','BA'),
    ('Liberal_Arts','Graduate','English','MA'),
    ('Liberal_Arts','Graduate','English','PhD'),
    ('Liberal_Arts','Graduate','Healthcare_Ethics','MA'),
    ('Liberal_Arts','Graduate','Healthcare_Ethics','PhD'),
    ('Liberal_Arts','Undergraduate','History','BA'),
    ('Liberal_Arts','Graduate','History','MA'),
    ('Liberal_Arts','Undergraduate','Integrated_Marketing_Communication','BA'),
    ('Liberal_Arts','Undergraduate','International_Relations','BA'),
    ('Liberal_Arts','Undergraduate','International_Security_Studies','BA'),
    ('Liberal_Arts','Undergraduate','Liberal_Arts_Major','BA'),
    ('Liberal_Arts','Undergraduate','Mathematics','BA_or_BS'),
    ('Liberal_Arts','Graduate','Media_Arts_and_Technology','Certificate'),
    ('Liberal_Arts','Graduate','Media_Arts_and_Technology','MFA'),
    ('Liberal_Arts','Graduate','Media_Arts_and_Technology','Pathway'),
    ('Liberal_Arts','Undergraduate','Modern_Languages_and_Literatures','BA'),
    ('Liberal_Arts','Undergraduate','Multiplatform_Journalism','BA'),
    ('Liberal_Arts','Graduate','Pastoral_Ministry','MA'),
    ('Liberal_Arts','Undergraduate','Philosophy','BA'),
    ('Liberal_Arts','Graduate','Philosophy','MA'),
    ('Liberal_Arts','Graduate','Philosophy','PhD'),
    ('Liberal_Arts','Undergraduate','Political_Science','BA'),
    ('Liberal_Arts','Undergraduate','Psychology','BA'),
    ('Liberal_Arts','Graduate','Public_History','MA'),
    ('Liberal_Arts','Graduate','Religious_Education','MA'),
    ('Liberal_Arts','Undergraduate','Rhetoric','BA'),
    ('Liberal_Arts','Graduate','Rhetoric','PhD'),
    ('Liberal_Arts','Graduate','Rhetoric_and_Philosophy_of_Communication','MA'),
    ('Liberal_Arts','Undergraduate','Sociology','BA'),
    ('Liberal_Arts','Undergraduate','Spanish','BA'),
    ('Liberal_Arts','Undergraduate','Sports_Information_and_Media','BA'),
    ('Liberal_Arts','Undergraduate','Strategic_Public_Relations_and_Advertising','BA'),
    ('Liberal_Arts','Undergraduate','Theater_Arts','BA'),
    ('Liberal_Arts','Undergraduate','Theology','BA'),
    ('Liberal_Arts','Graduate','Theology','MA'),
    ('Liberal_Arts','Graduate','Theology','PhD'),
    ('Music','Undergraduate','Elective_Studies_in_Business','BM'),
    ('Music','Undergraduate','Music_Major','BA'),
    ('Music','Undergraduate','Music_Education','BS'),
    ('Music','Graduate','Music_Performance','Artist_Diploma'),
    ('Music','Undergraduate','Music_Performance','BM'),
    ('Music','Graduate','Music_Performance','MM'),
    ('Music','Graduate','Music_Performance','Pathway'),
    ('Music','Undergraduate','Music_Technology','BM'),
    ('Music','Undergraduate','Music_Therapy','BS'),
    ('Music','Graduate','Sacred_Music','MM'),
    ('Natural_and_Environmental_Sciences','Undergraduate','Biochemistry','BA_or_BS'),
    ('Natural_and_Environmental_Sciences','Undergraduate','Biological_Sciences','BS'),
    ('Natural_and_Environmental_Sciences','Graduate','Biological_Sciences','PhD'),
    ('Natural_and_Environmental_Sciences','Graduate','Biotechnology','MS'),
    ('Natural_and_Environmental_Sciences','Graduate','Biotechnology','Pathway'),
    ('Natural_and_Environmental_Sciences','Undergraduate','Chemistry','BS'),
    ('Natural_and_Environmental_Sciences','Graduate','Chemistry_and_Biochemistry','PhD'),
    ('Natural_and_Environmental_Sciences','Undergraduate','Environmental_Chemistry','BS'),
    ('Natural_and_Environmental_Sciences','Graduate','Environmental_Management','Certificate'),
    ('Natural_and_Environmental_Sciences','Undergraduate','Environmental_Science','BS'),
    ('Natural_and_Environmental_Sciences','Graduate','Environmental_Science','Certificate'),
    ('Natural_and_Environmental_Sciences','Graduate','Environmental_Science_and_Management'),
    ('Natural_and_Environmental_Sciences','Graduate','Environmental_Science_and_Management','Pathway'),
    ('Natural_and_Environmental_Sciences','Undergraduate','Physics','BA_or_BS'),
    ('Nursing','Undergraduate','Nursing_Major','BSN'),
    ('Nursing','Undergraduate','Nursing_Second_Degree','BSN'),
    ('Nursing','Undergraduate','Nursing_Second_Degree_16_Month','BSN'),
    ('Pharmacy','Undergraduate','Doctor_of_Pharmacy','PharmD'),
    ('Pharmacy','Graduate','Medicinal_Chemistry','MS'),
    ('Pharmacy','Graduate','Medicinal_Chemistry','PhD'),
    ('Pharmacy','Graduate','Pharmaceutics','PhD'),
    ('Pharmacy','Graduate','Pharmaceutics','MS'),
    ('Pharmacy','Graduate','Pharmacology','MS'),
    ('Pharmacy','Graduate','Pharmacology','PhD'),
    ('Pharmacy','Graduate','Pharmacy_Administration','MS'),
    ('Pharmacy','Undergraduate','Pre_Professional_Pharmacy','PharmD')
    ;

